environment,organization,project,workspace,policy
dev,lucierlabs,hashicorp-vault-onboarding,auth-admin-ldap-dev,admin-auth-admin-ldap-policy
dev,lucierlabs,hashicorp-vault-onboarding,auth-approle-vault-dev,admin-auth-approle-vault-policy
dev,lucierlabs,hashicorp-vault-onboarding,auth-jwt-azure-dev,admin-auth-jwt-azure-policy
dev,lucierlabs,hashicorp-vault-onboarding,auth-jwt-github-dev,admin-auth-jwt-github-policy
dev,lucierlabs,hashicorp-vault-onboarding,auth-jwt-harness-dev,admin-auth-jwt-harness-policy
dev,lucierlabs,hashicorp-vault-onboarding,auth-jwt-kubernetes-dev,admin-auth-jwt-kubernetes-policy
dev,lucierlabs,hashicorp-vault-onboarding,auth-kerberos-ad-dev,admin-auth-kerberos-ad-policy
dev,lucierlabs,hashicorp-vault-onboarding,auth-ldap-ad-dev,admin-auth-ldap-ad-policy
dev,lucierlabs,hashicorp-vault-onboarding,auth-ldap-racf-dev,admin-auth-ldap-racf-policy
dev,lucierlabs,hashicorp-vault-onboarding,auth-msi-azure-dev,admin-auth-msi-azure-policy
dev,lucierlabs,hashicorp-vault-onboarding,auth-oidc-okta-dev,admin-auth-oidc-okta-policy
dev,lucierlabs,hashicorp-vault-onboarding,auth-sts-aws-dev,admin-auth-sts-aws-policy
dev,lucierlabs,hashicorp-vault-onboarding,auth-tls-certificates-dev,admin-auth-tls-certificates-policy
dev,lucierlabs,hashicorp-vault-onboarding,engine-ad-dev,admin-engine-ad-policy
dev,lucierlabs,hashicorp-vault-onboarding,engine-aws-dev,admin-engine-aws-policy
dev,lucierlabs,hashicorp-vault-onboarding,engine-azure-dev,admin-engine-azure-policy
dev,lucierlabs,hashicorp-vault-onboarding,engine-kubernetes-dev,admin-engine-kubernetes-policy
dev,lucierlabs,hashicorp-vault-onboarding,engine-kv-dev,admin-engine-kv-policy
dev,lucierlabs,hashicorp-vault-onboarding,engine-mysql-dev,admin-engine-mysql-policy
dev,lucierlabs,hashicorp-vault-onboarding,engine-oracle-dev,admin-engine-oracle-policy
dev,lucierlabs,hashicorp-vault-onboarding,engine-postgres-dev,admin-engine-postgres-policy
dev,lucierlabs,hashicorp-vault-onboarding,engine-snowflake-dev,admin-engine-snowflake-policy
dev,lucierlabs,hashicorp-vault-onboarding,engine-terraform-dev,admin-engine-terraform-policy
test,lucierlabs,hashicorp-vault-onboarding,auth-admin-ldap-test,admin-auth-admin-ldap-policy
test,lucierlabs,hashicorp-vault-onboarding,auth-approle-vault-test,admin-auth-approle-vault-policy
test,lucierlabs,hashicorp-vault-onboarding,auth-jwt-azure-test,admin-auth-jwt-azure-policy
test,lucierlabs,hashicorp-vault-onboarding,auth-jwt-github-test,admin-auth-jwt-github-policy
test,lucierlabs,hashicorp-vault-onboarding,auth-jwt-harness-test,admin-auth-jwt-harness-policy
test,lucierlabs,hashicorp-vault-onboarding,auth-jwt-kubernetes-test,admin-auth-jwt-kubernetes-policy
test,lucierlabs,hashicorp-vault-onboarding,auth-kerberos-ad-test,admin-auth-kerberos-ad-policy
test,lucierlabs,hashicorp-vault-onboarding,auth-ldap-ad-test,admin-auth-ldap-ad-policy
test,lucierlabs,hashicorp-vault-onboarding,auth-ldap-racf-test,admin-auth-ldap-racf-policy
test,lucierlabs,hashicorp-vault-onboarding,auth-msi-azure-test,admin-auth-msi-azure-policy
test,lucierlabs,hashicorp-vault-onboarding,auth-oidc-okta-test,admin-auth-oidc-okta-policy
test,lucierlabs,hashicorp-vault-onboarding,auth-sts-aws-test,admin-auth-sts-aws-policy
test,lucierlabs,hashicorp-vault-onboarding,auth-tls-certificates-test,admin-auth-tls-certificates-policy
test,lucierlabs,hashicorp-vault-onboarding,engine-ad-test,admin-engine-ad-policy
test,lucierlabs,hashicorp-vault-onboarding,engine-aws-test,admin-engine-aws-policy
test,lucierlabs,hashicorp-vault-onboarding,engine-azure-test,admin-engine-azure-policy
test,lucierlabs,hashicorp-vault-onboarding,engine-kubernetes-test,admin-engine-kubernetes-policy
test,lucierlabs,hashicorp-vault-onboarding,engine-kv-test,admin-engine-kv-policy
test,lucierlabs,hashicorp-vault-onboarding,engine-mysql-test,admin-engine-mysql-policy
test,lucierlabs,hashicorp-vault-onboarding,engine-oracle-test,admin-engine-oracle-policy
test,lucierlabs,hashicorp-vault-onboarding,engine-postgres-test,admin-engine-postgres-policy
test,lucierlabs,hashicorp-vault-onboarding,engine-snowflake-test,admin-engine-snowflake-policy
test,lucierlabs,hashicorp-vault-onboarding,engine-terraform-test,admin-engine-terraform-policy
prod,lucierlabs,hashicorp-vault-onboarding,auth-admin-ldap-prod,admin-auth-admin-ldap-policy
prod,lucierlabs,hashicorp-vault-onboarding,auth-approle-vault-prod,admin-auth-approle-vault-policy
prod,lucierlabs,hashicorp-vault-onboarding,auth-jwt-azure-prod,admin-auth-jwt-azure-policy
prod,lucierlabs,hashicorp-vault-onboarding,auth-jwt-github-prod,admin-auth-jwt-github-policy
prod,lucierlabs,hashicorp-vault-onboarding,auth-jwt-harness-prod,admin-auth-jwt-harness-policy
prod,lucierlabs,hashicorp-vault-onboarding,auth-jwt-kubernetes-prod,admin-auth-jwt-kubernetes-policy
prod,lucierlabs,hashicorp-vault-onboarding,auth-kerberos-ad-prod,admin-auth-kerberos-ad-policy
prod,lucierlabs,hashicorp-vault-onboarding,auth-ldap-ad-prod,admin-auth-ldap-ad-policy
prod,lucierlabs,hashicorp-vault-onboarding,auth-ldap-racf-prod,admin-auth-ldap-racf-policy
prod,lucierlabs,hashicorp-vault-onboarding,auth-msi-azure-prod,admin-auth-msi-azure-policy
prod,lucierlabs,hashicorp-vault-onboarding,auth-oidc-okta-prod,admin-auth-oidc-okta-policy
prod,lucierlabs,hashicorp-vault-onboarding,auth-sts-aws-prod,admin-auth-sts-aws-policy
prod,lucierlabs,hashicorp-vault-onboarding,auth-tls-certificates-prod,admin-auth-tls-certificates-policy
prod,lucierlabs,hashicorp-vault-onboarding,engine-ad-prod,admin-engine-ad-policy
prod,lucierlabs,hashicorp-vault-onboarding,engine-aws-prod,admin-engine-aws-policy
prod,lucierlabs,hashicorp-vault-onboarding,engine-azure-prod,admin-engine-azure-policy
prod,lucierlabs,hashicorp-vault-onboarding,engine-kubernetes-prod,admin-engine-kubernetes-policy
prod,lucierlabs,hashicorp-vault-onboarding,engine-kv-prod,admin-engine-kv-policy
prod,lucierlabs,hashicorp-vault-onboarding,engine-mysql-prod,admin-engine-mysql-policy
prod,lucierlabs,hashicorp-vault-onboarding,engine-oracle-prod,admin-engine-oracle-policy
prod,lucierlabs,hashicorp-vault-onboarding,engine-postgres-prod,admin-engine-postgres-policy
prod,lucierlabs,hashicorp-vault-onboarding,engine-snowflake-prod,admin-engine-snowflake-policy
prod,lucierlabs,hashicorp-vault-onboarding,engine-terraform-prod,admin-engine-terraform-policy
